user_id,name,email,role,created_at
101,Alice Johnson,alice@example.com,admin,2024-01-12
102,Bob Smith,bob@example.com,editor,2024-01-15
103,Carol Lee,carol@example.com,viewer,2024-01-18
104,David Kim,david@example.com,editor,2024-01-20
105,Eva Brown,eva@example.com,viewer,2024-01-22
106,User 106,user106@example.com,viewer,2024-01-23
107,User 107,user107@example.com,editor,2024-01-24
108,User 108,user108@example.com,admin,2024-01-25
109,User 109,user109@example.com,viewer,2024-01-26
110,User 110,user110@example.com,editor,2024-01-27
111,User 111,user111@example.com,admin,2024-01-28
112,User 112,user112@example.com,viewer,2024-01-29
113,User 113,user113@example.com,editor,2024-01-30
114,User 114,user114@example.com,admin,2024-01-31
115,User 115,user115@example.com,viewer,2024-02-01
116,User 116,user116@example.com,editor,2024-02-02
117,User 117,user117@example.com,admin,2024-02-03
118,User 118,user118@example.com,viewer,2024-02-04
119,User 119,user119@example.com,editor,2024-02-05
120,User 120,user120@example.com,admin,2024-02-06
121,User 121,user121@example.com,viewer,2024-02-07
122,User 122,user122@example.com,editor,2024-02-08
123,User 123,user123@example.com,admin,2024-02-09
124,User 124,user124@example.com,viewer,2024-02-10
125,User 125,user125@example.com,editor,2024-02-11
126,User 126,user126@example.com,admin,2024-02-12
127,User 127,user127@example.com,viewer,2024-02-13
128,User 128,user128@example.com,editor,2024-02-14
129,User 129,user129@example.com,admin,2024-02-15
130,User 130,user130@example.com,viewer,2024-02-16
131,User 131,user131@example.com,editor,2024-02-17
132,User 132,user132@example.com,admin,2024-02-18
133,User 133,user133@example.com,viewer,2024-02-19
134,User 134,user134@example.com,editor,2024-02-20
135,User 135,user135@example.com,admin,2024-02-21
136,User 136,user136@example.com,viewer,2024-02-22
137,User 137,user137@example.com,editor,2024-02-23
138,User 138,user138@example.com,admin,2024-02-24
139,User 139,user139@example.com,viewer,2024-02-25
140,User 140,user140@example.com,editor,2024-02-26
141,User 141,user141@example.com,admin,2024-02-27
142,User 142,user142@example.com,viewer,2024-02-28
143,User 143,user143@example.com,editor,2024-02-29
144,User 144,user144@example.com,admin,2024-03-01
145,User 145,user145@example.com,viewer,2024-03-02
146,User 146,user146@example.com,editor,2024-03-03
147,User 147,user147@example.com,admin,2024-03-04
148,User 148,user148@example.com,viewer,2024-03-05
149,User 149,user149@example.com,editor,2024-03-06
150,User 150,user150@example.com,admin,2024-03-07
151,User 151,user151@example.com,viewer,2024-03-08
152,User 152,user152@example.com,editor,2024-03-09
153,User 153,user153@example.com,admin,2024-03-10
154,User 154,user154@example.com,viewer,2024-03-11
155,User 155,user155@example.com,editor,2024-03-12
156,User 156,user156@example.com,admin,2024-03-13
157,User 157,user157@example.com,viewer,2024-03-14
158,User 158,user158@example.com,editor,2024-03-15
159,User 159,user159@example.com,admin,2024-03-16
160,User 160,user160@example.com,viewer,2024-03-17
161,User 161,user161@example.com,editor,2024-03-18
162,User 162,user162@example.com,admin,2024-03-19
163,User 163,user163@example.com,viewer,2024-03-20
164,User 164,user164@example.com,editor,2024-03-21
165,User 165,user165@example.com,admin,2024-03-22
166,User 166,user166@example.com,viewer,2024-03-23
167,User 167,user167@example.com,editor,2024-03-24
168,User 168,user168@example.com,admin,2024-03-25
169,User 169,user169@example.com,viewer,2024-03-26
170,User 170,user170@example.com,editor,2024-03-27
171,User 171,user171@example.com,admin,2024-03-28
172,User 172,user172@example.com,viewer,2024-03-29
173,User 173,user173@example.com,editor,2024-03-30
174,User 174,user174@example.com,admin,2024-03-31
175,User 175,user175@example.com,viewer,2024-04-01
176,User 176,user176@example.com,editor,2024-04-02
177,User 177,user177@example.com,admin,2024-04-03
178,User 178,user178@example.com,viewer,2024-04-04
179,User 179,user179@example.com,editor,2024-04-05
180,User 180,user180@example.com,admin,2024-04-06
181,User 181,user181@example.com,viewer,2024-04-07
182,User 182,user182@example.com,editor,2024-04-08
183,User 183,user183@example.com,admin,2024-04-09
184,User 184,user184@example.com,viewer,2024-04-10
185,User 185,user185@example.com,editor,2024-04-11
186,User 186,user186@example.com,admin,2024-04-12
187,User 187,user187@example.com,viewer,2024-04-13
188,User 188,user188@example.com,editor,2024-04-14
189,User 189,user189@example.com,admin,2024-04-15
190,User 190,user190@example.com,viewer,2024-04-16
191,User 191,user191@example.com,editor,2024-04-17
192,User 192,user192@example.com,admin,2024-04-18
193,User 193,user193@example.com,viewer,2024-04-19
194,User 194,user194@example.com,editor,2024-04-20
195,User 195,user195@example.com,admin,2024-04-21
196,User 196,user196@example.com,viewer,2024-04-22
197,User 197,user197@example.com,editor,2024-04-23
198,User 198,user198@example.com,admin,2024-04-24
199,User 199,user199@example.com,viewer,2024-04-25
200,User 200,user200@example.com,editor,2024-04-26
201,User 201,user201@example.com,admin,2024-04-27
202,User 202,user202@example.com,viewer,2024-04-28
203,User 203,user203@example.com,editor,2024-04-29
204,User 204,user204@example.com,admin,2024-04-30
205,User 205,user205@example.com,viewer,2024-05-01
